{
    "train": {
        "accuracy": [
            0.17543859649122806,
            0.2660361842105263,
            0.32332785087719296,
            0.3774671052631579,
            0.39610745614035087
        ],
        "loss": [
            2.141865338149824,
            1.9759669063384073,
            1.8431966649858575,
            1.7312674668797277,
            1.6661867781689292
        ]
    },
    "valid": {
        "accuracy": [
            0.2700892857142857,
            0.32142857142857145,
            0.41294642857142855,
            0.46763392857142855,
            0.48549107142857145
        ],
        "loss": [
            2.1984251737594604,
            2.051496935742242,
            1.6593871584960393,
            1.48594069480896,
            1.4457618721893855
        ]
    }
}