{
    "accuracy": 0.48549107142857145,
    "loss": 1.4457618721893855
}