{
    "train": {
        "accuracy": [
            0.18804824561403508,
            0.27946820175438597,
            0.32593201754385964,
            0.37815241228070173,
            0.39610745614035087
        ],
        "loss": [
            2.12499293318966,
            1.9538882782584743,
            1.8355526579053778,
            1.7275000862907945,
            1.6689301530520122
        ]
    },
    "valid": {
        "accuracy": [
            0.26339285714285715,
            0.38839285714285715,
            0.42410714285714285,
            0.45424107142857145,
            0.47879464285714285
        ],
        "loss": [
            2.4472240209579468,
            1.7642436240400587,
            1.6653877283845628,
            1.4940791811261858,
            1.4477892986365728
        ]
    }
}