{
    "accuracy": 0.47879464285714285,
    "loss": 1.4477892986365728
}