{
    "train": {
        "accuracy": [
            0.18818530701754385,
            0.29276315789473684,
            0.3319627192982456,
            0.36307565789473684,
            0.38747258771929827
        ],
        "loss": [
            2.1099858095771387,
            1.9366098150872348,
            1.8256165604842336,
            1.747494988274156,
            1.6883303428951062
        ]
    },
    "valid": {
        "accuracy": [
            0.23772321428571427,
            0.36941964285714285,
            0.4095982142857143,
            0.42857142857142855,
            0.4486607142857143
        ],
        "loss": [
            2.400617233344487,
            1.85760440996715,
            1.647665798664093,
            1.5707216773714339,
            1.504473694733211
        ]
    }
}