{
    "accuracy": 0.4486607142857143,
    "loss": 1.504473694733211
}