{
    "train": {
        "accuracy": [
            0.18859649122807018,
            0.2582236842105263,
            0.32264254385964913,
            0.35430372807017546,
            0.3907620614035088
        ],
        "loss": [
            2.12757775971764,
            1.9871696861166703,
            1.8670283796494467,
            1.7642040921930682,
            1.6881306673351086
        ]
    },
    "valid": {
        "accuracy": [
            0.25669642857142855,
            0.3169642857142857,
            0.39174107142857145,
            0.45535714285714285,
            0.46651785714285715
        ],
        "loss": [
            3.489426851272583,
            1.833805969783238,
            1.7337774336338043,
            1.5638414876801627,
            1.5016296803951263
        ]
    }
}