{
    "accuracy": 0.46651785714285715,
    "loss": 1.5016296803951263
}