{
    "train": {
        "accuracy": [
            0.18325109649122806,
            0.29139254385964913,
            0.3319627192982456,
            0.3527960526315789,
            0.37212171052631576
        ],
        "loss": [
            2.1222457394265293,
            1.954018968239165,
            1.8505359637109857,
            1.7964307592626203,
            1.7391899175811232
        ]
    },
    "valid": {
        "accuracy": [
            0.26004464285714285,
            0.3046875,
            0.4140625,
            0.43973214285714285,
            0.43526785714285715
        ],
        "loss": [
            2.3324476310185025,
            1.8880446297781808,
            1.6993013960974557,
            1.5995179414749146,
            1.5733096258980888
        ]
    }
}