{
    "accuracy": 0.43526785714285715,
    "loss": 1.5733096258980888
}