{
    "accuracy": 0.43973214285714285,
    "loss": 1.5995179414749146
}